{
  "map_config": {
    "tk": "d883abbea76ac52b242bbe510cd0b315",
    "default_center": [
      30.09407,
      115.98037
    ],
    "default_zoom": 12
  }
}